{
"lengthUnit": "mil",
"components": {
	"fields": ["COMPONENT_NO", "COMPONENT_NAME", "LAYER", "X_COORDINATE", "Y_COORDINATE", "ANGLE"],
	"rows": [
		[1, "C1", "T", 340, 446.29, 270],
		[2, "C2", "T", 897.6, 1685, 180],
		[3, "C3", "T", 1282.4, 185, 0],
		[4, "CN1", "T", 244.37, 1305, 90],
		[5, "CN2", "T", 1615, 1690, 0],
		[6, "CN3", "T", 199.37, 537.15, 90],
		[7, "KEY", "T", 981, 8.14, 180],
		[8, "LED1", "T", 512.16, 1610.45, 0],
		[9, "LED2", "T", 512.16, 1309.32, 0],
		[10, "LED3", "T", 512.16, 1008.19, 0],
		[11, "LED4", "T", 512.16, 695, 0],
		[12, "LED5", "T", 512.16, 405.95, 0],
		[13, "LED6", "T", 895.71, 255, 180],
		[14, "LED7", "T", 895.71, 556.4, 180],
		[15, "LED8", "T", 895.71, 857.81, 180],
		[16, "LED9", "T", 892.6, 1155, 180],
		[17, "LED10", "T", 895.71, 1460.61, 180],
		[18, "LED11", "T", 1275.51, 1610.45, 0],
		[19, "LED12", "T", 1275.51, 1309.32, 0],
		[20, "LED13", "T", 1275.51, 1008.2, 0],
		[21, "LED14", "T", 1275.51, 707.07, 0],
		[22, "LED15", "T", 1275.51, 405.95, 0],
		[23, "LED16", "T", 1656.22, 255, 180],
		[24, "LED17", "T", 1656.22, 556.4, 180],
		[25, "LED18", "T", 1656.22, 857.82, 180],
		[26, "LED19", "T", 1656.22, 1159.21, 180],
		[27, "LED20", "T", 1656.22, 1460.61, 180],
		[28, "R1", "T", 270, 925, 90],
		[29, "SCREW1", "T", 1893.15, 1893.2, 0],
		[30, "SCREW2", "T", 121.85, 1893.15, 0],
		[31, "SCREW3", "T", 1893.15, -43.1, 0],
		[32, "SCREW4", "T", 121.85, -43.15, 0]
	]
},
"pins": {
	"fields": ["PIN_NO", "PIN_NAME", "PIN_X", "PIN_Y", "LAYER", "PIN_TYPE", "NET_NAME", "NET_TYPE", "PAD_SHAPE", "PAD_SIZEX", "PAD_SIZEY", "HOLE_SIZE", "PAD_ANGLE"],
	"rows": [
		[1, "C1_1", 340, 473.85, "T", "SMD", "GND", "GND", "R", 31.5, 35.43, 0, 270],
		[2, "C1_2", 340, 418.73, "T", "SMD", "VCC", "", "R", 31.5, 35.43, 0, 270],
		[3, "C2_1", 925.16, 1685, "T", "SMD", "GND", "GND", "R", 31.5, 35.43, 0, 180],
		[4, "C2_2", 870.04, 1685, "T", "SMD", "VCC", "", "R", 31.5, 35.43, 0, 180],
		[5, "C3_1", 1254.84, 185, "T", "SMD", "GND", "GND", "R", 31.5, 35.43, 0, 0],
		[6, "C3_2", 1309.96, 185, "T", "SMD", "VCC", "", "R", 31.5, 35.43, 0, 0],
		[7, "CN1_1", 244.36, 1205, "T", "DIP", "GND", "GND", "R", 62.99, 62.99, 39.37, 90],
		[8, "CN1_1", 244.36, 1205, "B", "DIP", "GND", "GND", "R", 62.99, 62.99, 39.37, 90],
		[9, "CN1_2", 244.38, 1305, "T", "DIP", "VCC", "", "C", 62.99, 62.99, 39.37, 90],
		[10, "CN1_2", 244.38, 1305, "B", "DIP", "VCC", "", "C", 62.99, 62.99, 39.37, 90],
		[11, "CN1_3", 244.38, 1405, "T", "DIP", "LED-IN", "", "C", 62.99, 62.99, 39.37, 90],
		[12, "CN1_3", 244.38, 1405, "B", "DIP", "LED-IN", "", "C", 62.99, 62.99, 39.37, 90],
		[13, "CN2_1", 1515, 1690, "T", "DIP", "GND", "GND", "R", 62.99, 62.99, 39.37, 0],
		[14, "CN2_1", 1515, 1690, "B", "DIP", "GND", "GND", "R", 62.99, 62.99, 39.37, 0],
		[15, "CN2_2", 1615, 1690, "T", "DIP", "VCC", "", "C", 62.99, 62.99, 39.37, 0],
		[16, "CN2_2", 1615, 1690, "B", "DIP", "VCC", "", "C", 62.99, 62.99, 39.37, 0],
		[17, "CN2_3", 1715, 1690, "T", "DIP", "LED-OUT", "", "C", 62.99, 62.99, 39.37, 0],
		[18, "CN2_3", 1715, 1690, "B", "DIP", "LED-OUT", "", "C", 62.99, 62.99, 39.37, 0],
		[19, "CN3_1", 199.36, 437.15, "T", "DIP", "GND", "GND", "R", 62.99, 62.99, 39.37, 90],
		[20, "CN3_1", 199.36, 437.15, "B", "DIP", "GND", "GND", "R", 62.99, 62.99, 39.37, 90],
		[21, "CN3_2", 199.38, 537.15, "T", "DIP", "VCC", "", "C", 62.99, 62.99, 39.37, 90],
		[22, "CN3_2", 199.38, 537.15, "B", "DIP", "VCC", "", "C", 62.99, 62.99, 39.37, 90],
		[23, "CN3_3", 199.38, 637.15, "T", "DIP", "KEY-OUT", "", "C", 62.99, 62.99, 39.37, 90],
		[24, "CN3_3", 199.38, 637.15, "B", "DIP", "KEY-OUT", "", "C", 62.99, 62.99, 39.37, 90],
		[25, "KEY_1", 1138.48, 8.14, "T", "SMD", "KEY-OUT", "", "R", 74.8, 59.05, 0, 180],
		[26, "KEY_2", 823.52, 8.14, "T", "SMD", "GND", "GND", "R", 74.8, 59.05, 0, 180],
		[27, "LED1_1", 419.64, 1675.41, "T", "SMD", "VCC", "", "R", 62.99, 47.24, 0, 0],
		[28, "LED1_2", 419.64, 1545.48, "T", "SMD", "$1N992", "", "R", 62.99, 47.24, 0, 0],
		[29, "LED1_3", 604.68, 1545.48, "T", "SMD", "GND", "GND", "R", 62.99, 47.24, 0, 0],
		[30, "LED1_4", 604.68, 1675.41, "T", "SMD", "LED-IN", "", "R", 62.99, 47.24, 0, 0],
		[31, "LED2_1", 419.64, 1374.29, "T", "SMD", "VCC", "", "R", 62.99, 47.24, 0, 0],
		[32, "LED2_2", 419.64, 1244.36, "T", "SMD", "$1N1000", "", "R", 62.99, 47.24, 0, 0],
		[33, "LED2_3", 604.68, 1244.36, "T", "SMD", "GND", "GND", "R", 62.99, 47.24, 0, 0],
		[34, "LED2_4", 604.68, 1374.29, "T", "SMD", "$1N992", "", "R", 62.99, 47.24, 0, 0],
		[35, "LED3_1", 419.64, 1073.15, "T", "SMD", "VCC", "", "R", 62.99, 47.24, 0, 0],
		[36, "LED3_2", 419.64, 943.22, "T", "SMD", "$1N1012", "", "R", 62.99, 47.24, 0, 0],
		[37, "LED3_3", 604.68, 943.22, "T", "SMD", "GND", "GND", "R", 62.99, 47.24, 0, 0],
		[38, "LED3_4", 604.68, 1073.15, "T", "SMD", "$1N1000", "", "R", 62.99, 47.24, 0, 0],
		[39, "LED4_1", 419.64, 759.96, "T", "SMD", "VCC", "", "R", 62.99, 47.24, 0, 0],
		[40, "LED4_2", 419.64, 630.04, "T", "SMD", "$1N1021", "", "R", 62.99, 47.24, 0, 0],
		[41, "LED4_3", 604.68, 630.04, "T", "SMD", "GND", "GND", "R", 62.99, 47.24, 0, 0],
		[42, "LED4_4", 604.68, 759.96, "T", "SMD", "$1N1012", "", "R", 62.99, 47.24, 0, 0],
		[43, "LED5_1", 419.64, 470.91, "T", "SMD", "VCC", "", "R", 62.99, 47.24, 0, 0],
		[44, "LED5_2", 419.64, 340.99, "T", "SMD", "L1", "", "R", 62.99, 47.24, 0, 0],
		[45, "LED5_3", 604.68, 340.99, "T", "SMD", "GND", "GND", "R", 62.99, 47.24, 0, 0],
		[46, "LED5_4", 604.68, 470.91, "T", "SMD", "$1N1021", "", "R", 62.99, 47.24, 0, 0],
		[47, "LED6_1", 988.23, 190.03, "T", "SMD", "VCC", "", "R", 62.99, 47.24, 0, 180],
		[48, "LED6_2", 988.23, 319.96, "T", "SMD", "$1N1541", "", "R", 62.99, 47.24, 0, 180],
		[49, "LED6_3", 803.19, 319.97, "T", "SMD", "GND", "GND", "R", 62.99, 47.24, 0, 180],
		[50, "LED6_4", 803.19, 190.04, "T", "SMD", "L1", "", "R", 62.99, 47.24, 0, 180],
		[51, "LED7_1", 988.23, 491.44, "T", "SMD", "VCC", "", "R", 62.99, 47.24, 0, 180],
		[52, "LED7_2", 988.23, 621.37, "T", "SMD", "$1N1549", "", "R", 62.99, 47.24, 0, 180],
		[53, "LED7_3", 803.19, 621.37, "T", "SMD", "GND", "GND", "R", 62.99, 47.24, 0, 180],
		[54, "LED7_4", 803.19, 491.44, "T", "SMD", "$1N1541", "", "R", 62.99, 47.24, 0, 180],
		[55, "LED8_1", 988.23, 792.84, "T", "SMD", "VCC", "", "R", 62.99, 47.24, 0, 180],
		[56, "LED8_2", 988.23, 922.77, "T", "SMD", "$1N1561", "", "R", 62.99, 47.24, 0, 180],
		[57, "LED8_3", 803.19, 922.77, "T", "SMD", "GND", "GND", "R", 62.99, 47.24, 0, 180],
		[58, "LED8_4", 803.19, 792.84, "T", "SMD", "$1N1549", "", "R", 62.99, 47.24, 0, 180],
		[59, "LED9_1", 985.12, 1090.04, "T", "SMD", "VCC", "", "R", 62.99, 47.24, 0, 180],
		[60, "LED9_2", 985.12, 1219.96, "T", "SMD", "$1N1570", "", "R", 62.99, 47.24, 0, 180],
		[61, "LED9_3", 800.08, 1219.96, "T", "SMD", "GND", "GND", "R", 62.99, 47.24, 0, 180],
		[62, "LED9_4", 800.08, 1090.04, "T", "SMD", "$1N1561", "", "R", 62.99, 47.24, 0, 180],
		[63, "LED10_1", 988.23, 1395.65, "T", "SMD", "VCC", "", "R", 62.99, 47.24, 0, 180],
		[64, "LED10_2", 988.23, 1525.58, "T", "SMD", "L2", "", "R", 62.99, 47.24, 0, 180],
		[65, "LED10_3", 803.19, 1525.58, "T", "SMD", "GND", "GND", "R", 62.99, 47.24, 0, 180],
		[66, "LED10_4", 803.19, 1395.65, "T", "SMD", "$1N1570", "", "R", 62.99, 47.24, 0, 180],
		[67, "LED11_1", 1182.99, 1675.41, "T", "SMD", "VCC", "", "R", 62.99, 47.24, 0, 0],
		[68, "LED11_2", 1182.99, 1545.48, "T", "SMD", "$1N1814", "", "R", 62.99, 47.24, 0, 0],
		[69, "LED11_3", 1368.03, 1545.48, "T", "SMD", "GND", "GND", "R", 62.99, 47.24, 0, 0],
		[70, "LED11_4", 1368.03, 1675.41, "T", "SMD", "L2", "", "R", 62.99, 47.24, 0, 0],
		[71, "LED12_1", 1182.99, 1374.29, "T", "SMD", "VCC", "", "R", 62.99, 47.24, 0, 0],
		[72, "LED12_2", 1182.99, 1244.36, "T", "SMD", "$1N1822", "", "R", 62.99, 47.24, 0, 0],
		[73, "LED12_3", 1368.03, 1244.36, "T", "SMD", "GND", "GND", "R", 62.99, 47.24, 0, 0],
		[74, "LED12_4", 1368.03, 1374.29, "T", "SMD", "$1N1814", "", "R", 62.99, 47.24, 0, 0],
		[75, "LED13_1", 1182.99, 1073.16, "T", "SMD", "VCC", "", "R", 62.99, 47.24, 0, 0],
		[76, "LED13_2", 1182.99, 943.23, "T", "SMD", "$1N1834", "", "R", 62.99, 47.24, 0, 0],
		[77, "LED13_3", 1368.03, 943.23, "T", "SMD", "GND", "GND", "R", 62.99, 47.24, 0, 0],
		[78, "LED13_4", 1368.03, 1073.16, "T", "SMD", "$1N1822", "", "R", 62.99, 47.24, 0, 0],
		[79, "LED14_1", 1182.99, 772.03, "T", "SMD", "VCC", "", "R", 62.99, 47.24, 0, 0],
		[80, "LED14_2", 1182.99, 642.1, "T", "SMD", "$1N1845", "", "R", 62.99, 47.24, 0, 0],
		[81, "LED14_3", 1368.03, 642.1, "T", "SMD", "GND", "GND", "R", 62.99, 47.24, 0, 0],
		[82, "LED14_4", 1368.03, 772.03, "T", "SMD", "$1N1834", "", "R", 62.99, 47.24, 0, 0],
		[83, "LED15_1", 1182.99, 470.91, "T", "SMD", "VCC", "", "R", 62.99, 47.24, 0, 0],
		[84, "LED15_2", 1182.99, 340.99, "T", "SMD", "L3", "", "R", 62.99, 47.24, 0, 0],
		[85, "LED15_3", 1368.03, 340.99, "T", "SMD", "GND", "GND", "R", 62.99, 47.24, 0, 0],
		[86, "LED15_4", 1368.03, 470.91, "T", "SMD", "$1N1845", "", "R", 62.99, 47.24, 0, 0],
		[87, "LED16_1", 1748.74, 190.03, "T", "SMD", "VCC", "", "R", 62.99, 47.24, 0, 180],
		[88, "LED16_2", 1748.74, 319.96, "T", "SMD", "$1N1857", "", "R", 62.99, 47.24, 0, 180],
		[89, "LED16_3", 1563.7, 319.97, "T", "SMD", "GND", "GND", "R", 62.99, 47.24, 0, 180],
		[90, "LED16_4", 1563.7, 190.04, "T", "SMD", "L3", "", "R", 62.99, 47.24, 0, 180],
		[91, "LED17_1", 1748.74, 491.44, "T", "SMD", "VCC", "", "R", 62.99, 47.24, 0, 180],
		[92, "LED17_2", 1748.74, 621.37, "T", "SMD", "$1N1866", "", "R", 62.99, 47.24, 0, 180],
		[93, "LED17_3", 1563.7, 621.37, "T", "SMD", "GND", "GND", "R", 62.99, 47.24, 0, 180],
		[94, "LED17_4", 1563.7, 491.44, "T", "SMD", "$1N1857", "", "R", 62.99, 47.24, 0, 180],
		[95, "LED18_1", 1748.74, 792.85, "T", "SMD", "VCC", "", "R", 62.99, 47.24, 0, 180],
		[96, "LED18_2", 1748.74, 922.78, "T", "SMD", "$1N1875", "", "R", 62.99, 47.24, 0, 180],
		[97, "LED18_3", 1563.7, 922.78, "T", "SMD", "GND", "GND", "R", 62.99, 47.24, 0, 180],
		[98, "LED18_4", 1563.7, 792.85, "T", "SMD", "$1N1866", "", "R", 62.99, 47.24, 0, 180],
		[99, "LED19_1", 1748.74, 1094.25, "T", "SMD", "VCC", "", "R", 62.99, 47.24, 0, 180],
		[100, "LED19_2", 1748.74, 1224.18, "T", "SMD", "$1N1896", "", "R", 62.99, 47.24, 0, 180],
		[101, "LED19_3", 1563.7, 1224.18, "T", "SMD", "GND", "GND", "R", 62.99, 47.24, 0, 180],
		[102, "LED19_4", 1563.7, 1094.25, "T", "SMD", "$1N1875", "", "R", 62.99, 47.24, 0, 180],
		[103, "LED20_1", 1748.74, 1395.65, "T", "SMD", "VCC", "", "R", 62.99, 47.24, 0, 180],
		[104, "LED20_2", 1748.74, 1525.58, "T", "SMD", "LED-OUT", "", "R", 62.99, 47.24, 0, 180],
		[105, "LED20_3", 1563.7, 1525.58, "T", "SMD", "GND", "GND", "R", 62.99, 47.24, 0, 180],
		[106, "LED20_4", 1563.7, 1395.65, "T", "SMD", "$1N1896", "", "R", 62.99, 47.24, 0, 180],
		[107, "R1_1", 270, 895.34, "T", "SMD", "VCC", "", "R", 31.75, 34.02, 0, 90],
		[108, "R1_2", 270, 954.66, "T", "SMD", "KEY-OUT", "", "R", 31.75, 34.02, 0, 90],
		[109, "SCREW1_1", 1893.15, 1893.2, "T", "DIP", "SCREW1_1", "", "C", 126, 126, 126, 0],
		[110, "SCREW1_1", 1893.15, 1893.2, "B", "DIP", "SCREW1_1", "", "C", 126, 126, 126, 0],
		[111, "SCREW2_1", 121.85, 1893.15, "T", "DIP", "SCREW2_1", "", "C", 126, 126, 126, 0],
		[112, "SCREW2_1", 121.85, 1893.15, "B", "DIP", "SCREW2_1", "", "C", 126, 126, 126, 0],
		[113, "SCREW3_1", 1893.15, -43.1, "T", "DIP", "SCREW3_1", "", "C", 126, 126, 126, 0],
		[114, "SCREW3_1", 1893.15, -43.1, "B", "DIP", "SCREW3_1", "", "C", 126, 126, 126, 0],
		[115, "SCREW4_1", 121.85, -43.15, "T", "DIP", "SCREW4_1", "", "C", 126, 126, 126, 0],
		[116, "SCREW4_1", 121.85, -43.15, "B", "DIP", "SCREW4_1", "", "C", 126, 126, 126, 0]
	]
}
}